{
  "rus":
  {
    "BACK_QUOTE":["ё", "Ё"],
    "DIGIT1":["1", "!"],
    "DIGIT2":["2", "\""],
    "DIGIT3":["3", "№"],
    "DIGIT4":["4", ";"],
    "DIGIT5":["5", "%"],
    "DIGIT6":["6", ":"],
    "DIGIT7":["7", "?"],
    "DIGIT8":["8", "*"],
    "DIGIT9":["9", "("],
    "DIGIT0":["0", ")"],
    "MINUS":["-", "_"],
    "EQUALS":["=", "+"],
    "Q":["й", "Й"],
    "W":["ц", "Ц"],
    "E":["у", "У"],
    "R":["к", "К"],
    "T":["е", "Е"],
    "Y":["н", "Н"],
    "U":["г", "Г"],
    "I":["ш", "Ш"],
    "O":["щ", "Щ"],
    "P":["з", "З"],
    "OPEN_BRACKET":["х", "Х"],
    "CLOSE_BRACKET":["ъ", "Ъ"],
    "BACK_SLASH":["\\", "/"],
    "A":["ф", "Ф"],
    "S":["ы", "Ы"],
    "D":["в", "В"],
    "F":["а", "А"],
    "G":["п", "П"],
    "H":["р", "Р"],
    "J":["о", "О"],
    "K":["л", "Л"],
    "L":["д", "Д"],
    "SEMICOLON":["ж", "Ж"],
    "QUOTE":["э", "Э"],
    "Z":["я", "Я"],
    "X":["ч", "Ч"],
    "C":["с", "С"],
    "V":["м", "М"],
    "B":["и", "И"],
    "N":["т", "Т"],
    "M":["ь", "Ь"],
    "COMMA":["б", "Б"],
    "PERIOD":["ю", "Ю"],
    "SLASH":[".", ","],
    "SPACE":[" ", " "],
    "BACK_SPACE":["<-", "<-"],
    "CONTROL":["Ctrl", "Ctrl"],
    "SHIFT":["Shift", "Shift"],
    "TAB":["Tab", "Tab"],
    "CAPS":["Caps Lock", "Caps Lock"],
    "ALT":["Alt", "Alt"]
  },

  "eng":
  {
    "BACK_QUOTE":["`", "~"],
    "DIGIT1":["1", "!"],
    "DIGIT2":["2", "@"],
    "DIGIT3":["3", "#"],
    "DIGIT4":["4", "$"],
    "DIGIT5":["5", "%"],
    "DIGIT6":["6", "^"],
    "DIGIT7":["7", "&"],
    "DIGIT8":["8", "*"],
    "DIGIT9":["9", "("],
    "DIGIT0":["0", ")"],
    "MINUS":["-", "_"],
    "EQUALS":["=", "+"],
    "Q":["q", "Q"],
    "W":["w", "W"],
    "E":["e", "E"],
    "R":["r", "R"],
    "T":["t", "T"],
    "Y":["y", "Y"],
    "U":["u", "U"],
    "I":["i", "I"],
    "O":["o", "O"],
    "P":["p", "P"],
    "OPEN_BRACKET":["[", "{"],
    "CLOSE_BRACKET":["]", "}"],
    "BACK_SLASH":["\\", "|"],
    "A":["a", "A"],
    "S":["s", "S"],
    "D":["d", "D"],
    "F":["f", "F"],
    "G":["g", "G"],
    "H":["h", "H"],
    "J":["j", "J"],
    "K":["k", "K"],
    "L":["l", "L"],
    "SEMICOLON":[";", ":"],
    "QUOTE":["'", "\""],
    "Z":["z", "Z"],
    "X":["x", "X"],
    "C":["c", "C"],
    "V":["v", "V"],
    "B":["b", "B"],
    "N":["n", "N"],
    "M":["m", "M"],
    "COMMA":[",", "<"],
    "PERIOD":[".", ">"],
    "SLASH":["/", "?"],
    "SPACE":[" ", " "],
    "BACK_SPACE":["<-", "<-"],
    "CONTROL":["Ctrl", "Ctrl"],
    "SHIFT":["Shift", "Shift"],
    "TAB":["Tab", "Tab"],
    "CAPS":["Caps Lock", "Caps Lock"],
    "ALT":["Alt", "Alt"]
  }
}