<?xml version="1.0" encoding="UTF-8" standalone="no"?>
<root background="C:\Users\admin\Documents\NetBeansProjects\Diary" endDate="2016.05.03.19:32" startDate="2016.05.03.19:32">
  <delays/>
  <notes/>
  <weeks>
    <week day0.0="" day0.1="" day1.0="" day1.1="" day2.0="" day2.1="" day3.0="" day3.1="" day4.0="" day4.1="" day5.0="" day5.1="" time="09:00"/>
    <week day0.0="" day0.1="" day1.0="" day1.1="" day2.0="" day2.1="" day3.0="" day3.1="" day4.0="" day4.1="" day5.0="" day5.1="" time="11:00"/>
    <week day0.0="" day0.1="" day1.0="" day1.1="" day2.0="" day2.1="" day3.0="" day3.1="" day4.0="" day4.1="" day5.0="" day5.1="" time="13:00"/>
    <week day0.0="" day0.1="" day1.0="" day1.1="" day2.0="" day2.1="" day3.0="" day3.1="" day4.0="" day4.1="" day5.0="" day5.1="" time="15:00"/>
    <week day0.0="" day0.1="" day1.0="" day1.1="" day2.0="" day2.1="" day3.0="" day3.1="" day4.0="" day4.1="" day5.0="" day5.1="" time="17:00"/>
    <week day0.0="" day0.1="" day1.0="" day1.1="" day2.0="" day2.1="" day3.0="" day3.1="" day4.0="" day4.1="" day5.0="" day5.1="" time="19:00"/>
  </weeks>
</root>
